Feature,Importance
value_eur,0.7851311375789813
wage_eur,0.15225027307840613
age,0.026424651884571302
potential,0.025777349523902933
age_potential_gap,0.006152810631056031
value_per_wage,0.003071865060508814
dribbling,0.0006182904016152163
technical_score,0.0005736218409581338
